<?xml version="1.0" encoding="UTF-8"?>
<window id="1117" type="dialog">
    <defaultcontrol always="true">9000</defaultcontrol>
    <onunload condition="System.HasAddon(script.skin.info.service) + String.IsEmpty(Window(home).Property(skininfos_daemon_running))">RunScript(script.skin.info.service)</onunload>
    <controls>
        <control type="group">
            <top>64</top>
            <control type="list" id="9000">
                <left>81</left>
                <top>32</top>
                <width>356</width>
                <height>810</height>
                <onleft>9010</onleft>
                <onright>9010</onright>
                <onup>9000</onup>
                <ondown>9000</ondown>
                <pagecontrol />
                <scrolltime tween="quadratic" easing="out">200</scrolltime>
                <include>SettingsFadeAnimation</include>
                <itemlayout height="81" width="356">
                    <control type="label">
                        <width>356</width>
                        <height>81</height>
                        <font>font15</font>
                        <textoffsetx>20</textoffsetx>
                        <textcolor>grey</textcolor>
                        <label>$INFO[ListItem.Label]</label>
                    </control>
                </itemlayout>
                <focusedlayout height="81" width="356">
                    <control type="image">
                        <width>356</width>
                        <height>81</height>
                        <texture colordiffuse="$VAR[HighlightBarColor]" border="4">listselect_fo.png</texture>
                        <animation effect="fade" start="100" end="40" time="300" tween="sine" easing="inout" condition="!Control.HasFocus(9000)">Conditional</animation>
                    </control>
                    <control type="label">
                        <width>356</width>
                        <height>81</height>
                        <font>font15</font>
                        <textoffsetx>20</textoffsetx>
                        <label>$INFO[ListItem.Label]</label>
                        <animation effect="fade" start="100" end="70" time="300" tween="sine" easing="inout" condition="!Control.HasFocus(9000)">Conditional</animation>
                    </control>
                </focusedlayout>
                <content>
                    <item id="1">
                        <label>$LOCALIZE[31334]</label>
                        <icon />
                    </item>
                    <item id="2">
                        <label>$LOCALIZE[31335]</label>
                        <icon />
                    </item>
                    <item id="3">
                        <label>$LOCALIZE[31336]</label>
                        <icon />
                    </item>
                </content>
            </control>
            <control type="textbox">
                <include>SettingsTextboxValues</include>
                <label>$VAR[AddonStatusDescriptionVar]</label>
                <autoscroll time="3000" delay="4000" repeat="5000">true</autoscroll>
            </control>
            <control type="group" id="9010">
                <control type="grouplist" id="9001">
                    <left>437</left>
                    <top>32</top>
                    <width>1401</width>
                    <height>810</height>
                    <pagecontrol>60</pagecontrol>
                    <onleft>9000</onleft>
                    <onright>60</onright>
                    <onup>9001</onup>
                    <ondown>9001</ondown>
                    <visible>Container(9000).HasFocus(1)</visible>
                    <control type="button" id="100">
                        <include>SettingsButtonCommonValues</include>
                        <label>$INFO[System.AddonTitle(script.skinshortcuts)]</label>
                        <label2>$INFO[System.AddonVersion(script.skinshortcuts),v, [COLOR FF00991F]$LOCALIZE[31331][/COLOR]$LOCALIZE[31450]]</label2>
                        <onclick>Addon.OpenSettings(script.skinshortcuts)</onclick>
                        <visible>System.HasAddon(script.skinshortcuts)</visible>
                    </control>
                    <control type="button" id="101">
                        <include>SettingsButtonCommonValues</include>
                        <label>script.skinshortcuts</label>
                        <label2>[COLOR invalid]$LOCALIZE[31332][/COLOR]$LOCALIZE[31451]</label2>
                        <onclick>InstallAddon(script.skinshortcuts)</onclick>
                        <visible>!System.HasAddon(script.skinshortcuts)</visible>
                    </control>
                    <control type="button" id="102">
                        <include>SettingsButtonCommonValues</include>
                        <label>$INFO[System.AddonTitle(service.library.data.provider)]</label>
                        <label2>$INFO[System.AddonVersion(service.library.data.provider),v, [COLOR FF00991F]$LOCALIZE[31331][/COLOR]$LOCALIZE[31450]]</label2>
                        <onclick>Addon.OpenSettings(service.library.data.provider)</onclick>
                        <visible>System.HasAddon(service.library.data.provider)</visible>
                    </control>
                    <control type="button" id="103">
                        <include>SettingsButtonCommonValues</include>
                        <label>service.library.data.provider</label>
                        <label2>[COLOR invalid]$LOCALIZE[31332][/COLOR]$LOCALIZE[31451]</label2>
                        <onclick>InstallAddon(service.library.data.provider)</onclick>
                        <visible>!System.HasAddon(service.library.data.provider)</visible>
                    </control>
                    <control type="button" id="106">
                        <include>SettingsButtonCommonValues</include>
                        <label>$INFO[System.AddonTitle(resource.images.studios.white)]</label>
                        <label2>$INFO[System.AddonVersion(resource.images.studios.white),v, [COLOR FF00991F]$LOCALIZE[31331][/COLOR]]</label2>
                        <visible>System.HasAddon(resource.images.studios.white) + !Skin.HasSetting(coloredflags)</visible>
                    </control>
                    <control type="button" id="107">
                        <include>SettingsButtonCommonValues</include>
                        <label>resource.images.studios.white</label>
                        <label2>[COLOR invalid]$LOCALIZE[31332][/COLOR]$LOCALIZE[31451]</label2>
                        <onclick>InstallAddon(resource.images.studios.white)</onclick>
                        <visible>!System.HasAddon(resource.images.studios.white)</visible>
                    </control>
                    <control type="button" id="110">
                        <include>SettingsButtonCommonValues</include>
                        <label>$INFO[System.AddonTitle(resource.images.studios.coloured)]</label>
                        <label2>$INFO[System.AddonVersion(resource.images.studios.coloured),v, [COLOR FF00991F]$LOCALIZE[31331][/COLOR]]</label2>
                        <visible>System.HasAddon(resource.images.studios.coloured) + Skin.HasSetting(coloredflags)</visible>
                    </control>
                    <control type="button" id="111">
                        <include>SettingsButtonCommonValues</include>
                        <label>resource.images.studios.coloured</label>
                        <label2>[COLOR invalid]$LOCALIZE[31332][/COLOR]$LOCALIZE[31451]</label2>
                        <onclick>InstallAddon(resource.images.studios.coloured)</onclick>
                        <visible>!System.HasAddon(resource.images.studios.coloured) + Skin.HasSetting(coloredflags)</visible>
                    </control>
                    <control type="button" id="108">
                        <include>SettingsButtonCommonValues</include>
                        <label>$INFO[System.AddonTitle(resource.images.recordlabels.white)]</label>
                        <label2>$INFO[System.AddonVersion(resource.images.recordlabels.white),v, [COLOR FF00991F]$LOCALIZE[31331][/COLOR]]</label2>
                        <visible>System.HasAddon(resource.images.recordlabels.white)</visible>
                    </control>
                    <control type="button" id="109">
                        <include>SettingsButtonCommonValues</include>
                        <label>resource.images.recordlabels.white</label>
                        <label2>[COLOR invalid]$LOCALIZE[31332][/COLOR]$LOCALIZE[31451]</label2>
                        <onclick>InstallAddon(resource.images.recordlabels.white)</onclick>
                        <visible>!System.HasAddon(resource.images.recordlabels.white)</visible>
                    </control>
                </control>
                <control type="grouplist" id="9002">
                    <left>437</left>
                    <top>32</top>
                    <width>1401</width>
                    <height>810</height>
                    <pagecontrol>60</pagecontrol>
                    <onleft>9000</onleft>
                    <onright>60</onright>
                    <onup>9002</onup>
                    <ondown>9002</ondown>
                    <visible>Container(9000).HasFocus(2)</visible>
                    <control type="button" id="202">
                        <include>SettingsButtonCommonValues</include>
                        <label>$INFO[System.AddonTitle(script.skin.info.service)]</label>
                        <label2>$INFO[System.AddonVersion(script.skin.info.service),v, [COLOR FF00991F]$LOCALIZE[31331][/COLOR]$LOCALIZE[31450]]</label2>
                        <onclick>Addon.OpenSettings(script.skin.info.service)</onclick>
                        <visible>System.HasAddon(script.skin.info.service)</visible>
                    </control>
                    <control type="button" id="203">
                        <include>SettingsButtonCommonValues</include>
                        <label>script.skin.info.service</label>
                        <label2>[COLOR invalid]$LOCALIZE[31332][/COLOR]$LOCALIZE[31451]</label2>
                        <onclick>InstallAddon(script.skin.info.service)</onclick>
                        <visible>!System.HasAddon(script.skin.info.service)</visible>
                    </control>
                    <control type="button" id="200">
                        <include>SettingsButtonCommonValues</include>
                        <label>$INFO[System.AddonTitle(script.embuary.info)]</label>
                        <label2>$INFO[System.AddonVersion(script.embuary.info),v, [COLOR FF00991F]$LOCALIZE[31331][/COLOR]$LOCALIZE[31450]]</label2>
                        <onclick>Addon.OpenSettings(script.embuary.info)</onclick>
                        <visible>System.HasAddon(script.embuary.info)</visible>
                    </control>
                    <control type="button" id="201">
                        <include>SettingsButtonCommonValues</include>
                        <label>script.embuary.info</label>
                        <label2>[COLOR invalid]$LOCALIZE[31332][/COLOR]$LOCALIZE[31451]</label2>
                        <onclick>InstallAddon(script.embuary.info)</onclick>
                        <visible>!System.HasAddon(script.embuary.info)</visible>
                    </control>
                    <control type="button" id="206">
                        <include>SettingsButtonCommonValues</include>
                        <label>$INFO[System.AddonTitle(script.artwork.beef)]</label>
                        <label2>$INFO[System.AddonVersion(script.artwork.beef),v, [COLOR FF00991F]$LOCALIZE[31331][/COLOR]$LOCALIZE[31450]]</label2>
                        <onclick>Addon.OpenSettings(script.artwork.beef)</onclick>
                        <visible>System.HasAddon(script.artwork.beef)</visible>
                    </control>
                    <control type="button" id="207">
                        <include>SettingsButtonCommonValues</include>
                        <label>script.artwork.beef</label>
                        <label2>[COLOR invalid]$LOCALIZE[31332][/COLOR]$LOCALIZE[31451]</label2>
                        <onclick condition="System.HasAddon(repository.rector.stuff)">InstallAddon(script.artwork.beef)</onclick>
                        <onclick condition="!System.HasAddon(repository.rector.stuff)">Notification($LOCALIZE[19098],script.artwork.beef is not available in the Kodi repositiory. The rmrector repo is needed to use the click to install feature, without it this script must be installed manually. Visit https://forum.kodi.tv/showthread.php?tid=258886 for more information.,5000,icon.png)</onclick>
                        <visible>!System.HasAddon(script.artwork.beef)</visible>
                    </control>
                    <control type="button" id="214">
                        <include>SettingsButtonCommonValues</include>
                        <label>$INFO[System.AddonTitle(script.cu.lrclyrics)]</label>
                        <label2>$INFO[System.AddonVersion(script.cu.lrclyrics),v, [COLOR FF00991F]$LOCALIZE[31331][/COLOR]$LOCALIZE[31450]]</label2>
                        <onclick>Addon.OpenSettings(script.cu.lrclyrics)</onclick>
                        <visible>System.HasAddon(script.cu.lrclyrics)</visible>
                    </control>
                    <control type="button" id="215">
                        <include>SettingsButtonCommonValues</include>
                        <label>script.cu.lrclyrics</label>
                        <label2>[COLOR invalid]$LOCALIZE[31332][/COLOR]$LOCALIZE[31451]</label2>
                        <onclick>InstallAddon(script.cu.lrclyrics)</onclick>
                        <visible>!System.HasAddon(script.cu.lrclyrics)</visible>
                    </control>
                    <control type="button" id="218">
                        <include>SettingsButtonCommonValues</include>
                        <label>$INFO[System.AddonTitle(script.embuary.helper)]</label>
                        <label2>$INFO[System.AddonVersion(script.embuary.helper),v, [COLOR FF00991F]$LOCALIZE[31331][/COLOR]$LOCALIZE[31450]]</label2>
                        <onclick>Addon.OpenSettings(script.embuary.helper)</onclick>
                        <visible>System.HasAddon(script.embuary.helper)</visible>
                    </control>
                    <control type="button" id="219">
                        <include>SettingsButtonCommonValues</include>
                        <label>script.embuary.helper</label>
                        <label2>[COLOR invalid]$LOCALIZE[31332][/COLOR]$LOCALIZE[31451]</label2>
                        <onclick>InstallAddon(script.embuary.helper)</onclick>
                        <visible>!System.HasAddon(script.embuary.helper)</visible>
                    </control>
                    <control type="button" id="210">
                        <include>SettingsButtonCommonValues</include>
                        <label>$INFO[System.AddonTitle(script.colorbox)]</label>
                        <label2>$INFO[System.AddonVersion(script.colorbox),v, [COLOR FF00991F]$LOCALIZE[31331][/COLOR]]</label2>
                        <!-- <onclick>Addon.OpenSettings(script.colorbox)</onclick> -->
                        <visible>System.HasAddon(script.colorbox)</visible>
                    </control>
                    <control type="button" id="211">
                        <include>SettingsButtonCommonValues</include>
                        <label>script.colorbox</label>
                        <label2>[COLOR invalid]$LOCALIZE[31332][/COLOR]$LOCALIZE[31451]</label2>
                        <onclick>InstallAddon(script.colorbox)</onclick>
                        <visible>!System.HasAddon(script.colorbox)</visible>
                    </control>
                    <control type="button" id="212">
                        <include>SettingsButtonCommonValues</include>
                        <label>$INFO[System.AddonTitle(script.image.resource.select)]</label>
                        <label2>$INFO[System.AddonVersion(script.image.resource.select),v, [COLOR FF00991F]$LOCALIZE[31331][/COLOR]]</label2>
                        <!-- <onclick>Addon.OpenSettings(script.image.resource.select)</onclick> -->
                        <visible>System.HasAddon(script.image.resource.select)</visible>
                    </control>
                    <control type="button" id="213">
                        <include>SettingsButtonCommonValues</include>
                        <label>script.image.resource.select</label>
                        <label2>[COLOR invalid]$LOCALIZE[31332][/COLOR]$LOCALIZE[31451]</label2>
                        <onclick>InstallAddon(script.image.resource.select)</onclick>
                        <visible>!System.HasAddon(script.image.resource.select)</visible>
                    </control>
                </control>
                <control type="grouplist" id="9003">
                    <left>437</left>
                    <top>32</top>
                    <width>1401</width>
                    <height>810</height>
                    <pagecontrol>60</pagecontrol>
                    <onleft>9000</onleft>
                    <onright>60</onright>
                    <onup>9003</onup>
                    <ondown>9003</ondown>
                    <visible>Container(9000).HasFocus(3)</visible>
                    <control type="button" id="300">
                        <include>SettingsButtonCommonValues</include>
                        <label>$INFO[System.AddonTitle(script.tv.show.next.aired)]</label>
                        <label2>$INFO[System.AddonVersion(script.tv.show.next.aired),v, [COLOR FF00991F]$LOCALIZE[31331][/COLOR]$LOCALIZE[31450]]</label2>
                        <onclick>Addon.OpenSettings(script.tv.show.next.aired)</onclick>
                        <visible>System.HasAddon(script.tv.show.next.aired)</visible>
                    </control>
                    <control type="button" id="301">
                        <include>SettingsButtonCommonValues</include>
                        <label>script.tv.show.next.aired</label>
                        <label2>[COLOR invalid]$LOCALIZE[31332][/COLOR]$LOCALIZE[31451]</label2>
                        <onclick>InstallAddon(script.tv.show.next.aired)</onclick>
                        <visible>!System.HasAddon(script.tv.show.next.aired)</visible>
                    </control>
                    <control type="button" id="302">
                        <include>SettingsButtonCommonValues</include>
                        <label>$INFO[System.AddonTitle(script.trakt)]</label>
                        <label2>$INFO[System.AddonVersion(script.trakt),v, [COLOR FF00991F]$LOCALIZE[31331][/COLOR]$LOCALIZE[31450]]</label2>
                        <onclick>Addon.OpenSettings(script.trakt)</onclick>
                        <visible>System.HasAddon(script.trakt)</visible>
                    </control>
                    <control type="button" id="303">
                        <include>SettingsButtonCommonValues</include>
                        <label>script.trakt</label>
                        <label2>[COLOR invalid]$LOCALIZE[31332][/COLOR]$LOCALIZE[31451]</label2>
                        <onclick>InstallAddon(script.trakt)</onclick>
                        <visible>!System.HasAddon(script.trakt)</visible>
                    </control>
                    <control type="button" id="312">
                        <include>SettingsButtonCommonValues</include>
                        <label>$INFO[System.AddonTitle(script.artistslideshow)]</label>
                        <label2>$INFO[System.AddonVersion(script.artistslideshow),v, [COLOR FF00991F]$LOCALIZE[31331][/COLOR]$LOCALIZE[31450]]</label2>
                        <onclick>Addon.OpenSettings(script.artistslideshow)</onclick>
                        <visible>System.HasAddon(script.artistslideshow)</visible>
                    </control>
                    <control type="button" id="313">
                        <include>SettingsButtonCommonValues</include>
                        <label>script.artistslideshow</label>
                        <label2>[COLOR invalid]$LOCALIZE[31332][/COLOR]$LOCALIZE[31451]</label2>
                        <onclick>InstallAddon(script.artistslideshow)</onclick>
                        <visible>!System.HasAddon(script.artistslideshow)</visible>
                    </control>
                    <control type="button" id="304">
                        <include>SettingsButtonCommonValues</include>
                        <label>$INFO[System.AddonTitle(script.cinemavision)]</label>
                        <label2>$INFO[System.AddonVersion(script.cinemavision),v, [COLOR FF00991F]$LOCALIZE[31331][/COLOR]$LOCALIZE[31450]]</label2>
                        <onclick>Addon.OpenSettings(script.cinemavision)</onclick>
                        <visible>System.HasAddon(script.cinemavision)</visible>
                    </control>
                    <control type="button" id="305">
                        <include>SettingsButtonCommonValues</include>
                        <label>script.cinemavision</label>
                        <label2>[COLOR invalid]$LOCALIZE[31332][/COLOR]$LOCALIZE[31451]</label2>
                        <onclick>InstallAddon(script.cinemavision)</onclick>
                        <visible>!System.HasAddon(script.cinemavision)</visible>
                    </control>
                    <control type="button" id="204">
                        <include>SettingsButtonCommonValues</include>
                        <label>$INFO[System.AddonTitle(script.skin.helper.service)]</label>
                        <label2>$INFO[System.AddonVersion(script.skin.helper.service),v, [COLOR FF00991F]$LOCALIZE[31331][/COLOR]$LOCALIZE[31450]]</label2>
                        <onclick condition="!System.HasAddon(script.module.metadatautils)">InstallAddon(script.module.metadatautils)</onclick>
                        <onclick condition="System.HasAddon(script.module.metadatautils)">Addon.OpenSettings(script.module.metadatautils)</onclick>
                        <visible>System.HasAddon(script.skin.helper.service)</visible>
                    </control>
                    <control type="button" id="205">
                        <include>SettingsButtonCommonValues</include>
                        <label>script.skin.helper.service</label>
                        <label2>[COLOR invalid]$LOCALIZE[31332][/COLOR]$LOCALIZE[31451]</label2>
                        <onclick>InstallAddon(script.skin.helper.service)</onclick>
                        <visible>!System.HasAddon(script.skin.helper.service)</visible>
                    </control>
                    <control type="button" id="216">
                        <include>SettingsButtonCommonValues</include>
                        <label>$INFO[System.AddonTitle(script.skin.helper.widgets)]</label>
                        <label2>$INFO[System.AddonVersion(script.skin.helper.widgets),v, [COLOR FF00991F]$LOCALIZE[31331][/COLOR]$LOCALIZE[31450]]</label2>
                        <onclick>Addon.OpenSettings(script.skin.helper.widgets)</onclick>
                        <visible>System.HasAddon(script.skin.helper.widgets)</visible>
                    </control>
                    <control type="button" id="217">
                        <include>SettingsButtonCommonValues</include>
                        <label>script.skin.helper.widgets</label>
                        <label2>[COLOR invalid]$LOCALIZE[31332][/COLOR]$LOCALIZE[31451]</label2>
                        <onclick>InstallAddon(script.skin.helper.widgets)</onclick>
                        <visible>!System.HasAddon(script.skin.helper.widgets)</visible>
                    </control>
                    <control type="button" id="104">
                        <include>SettingsButtonCommonValues</include>
                        <label>$INFO[System.AddonTitle(script.grab.fanart)]</label>
                        <label2>$INFO[System.AddonVersion(script.grab.fanart),v, [COLOR FF00991F]$LOCALIZE[31331][/COLOR]]</label2>
                        <visible>System.HasAddon(script.grab.fanart)</visible>
                    </control>
                    <control type="button" id="105">
                        <include>SettingsButtonCommonValues</include>
                        <label>script.grab.fanart</label>
                        <label2>[COLOR invalid]$LOCALIZE[31332][/COLOR]$LOCALIZE[31451]</label2>
                        <onclick>InstallAddon(script.grab.fanart)</onclick>
                        <visible>!System.HasAddon(script.grab.fanart)</visible>
                    </control>
                    <control type="button" id="308">
                        <include>SettingsButtonCommonValues</include>
                        <label>$INFO[System.AddonTitle(script.libraryeditor)]</label>
                        <label2>$INFO[System.AddonVersion(script.libraryeditor),v, [COLOR FF00991F]$LOCALIZE[31331][/COLOR]]</label2>
                        <visible>System.HasAddon(script.libraryeditor)</visible>
                    </control>
                    <control type="button" id="309">
                        <include>SettingsButtonCommonValues</include>
                        <label>script.libraryeditor</label>
                        <label2>[COLOR invalid]$LOCALIZE[31332][/COLOR]$LOCALIZE[31451]</label2>
                        <onclick condition="!System.HasAddon(repository.loonaticsasylumo)">SetProperty(Notify,True,Home)</onclick>
                        <onclick condition="!System.HasAddon(repository.loonaticsasylum">SetProperty(NotifyNoRepo,True,Home)</onclick>
                        <onclick condition="!System.HasAddon(repository.loonaticsasylum)">ActivateWindow(1126)</onclick>
                        <onclick condition="System.HasAddon(repository.loonaticsasylum)">InstallAddon(script.libraryeditor)</onclick>
                        <visible>!System.HasAddon(script.libraryeditor)</visible>
                    </control>
                </control>
            </control>
        </control>
    </controls>
</window>