<?xml version="1.0" encoding="UTF-8" standalone="yes"?>
<addon id="plugin.video.azmovies" name="AzMovies" version="22.10.2" provider-name="[COLORspringgreen]Tech[/COLOR][COLORpalegreen] E.[/COLOR][COLORlime] Coyote[/COLOR]">
	<requires>
		<import addon="script.module.audrey" />
	</requires>
	<extension point="xbmc.python.pluginsource" library="default.py">
		<provides>video</provides>
	</extension>
	<extension point="xbmc.addon.metadata">
		<summary lang="en">AzMovies</summary>
		<description>AzMovies</description>
		<platform>all</platform>
		<language>en</language>
		<email></email>
	<assets>
		<icon>icon.png</icon>
		<fanart>fanart.jpg</fanart>
	</assets>
	</extension>
</addon>