{
    "folders" : [
        {
            "name" : "Movies",
            "poster" : "special://home/addons/plugin.video.azmovies/icon.png",
            "fanart" : "special://home/addons/plugin.video.azmovies/fanart.jpg"
        }
    ],
    "sites" : [
        {
            "name" : "azm.to",
            "folder": "Movies",
            "poster" : "icon.png",
            "fanart" : "fanart.jpg",
            "items" : {
                "Latest" :[
                    {
                        "site_url" : "https://azm.to/",
                        "global" : "<span style=\"color{*}\">AZMovies</span>{%}<div id=\"result\" class=\"results\"></div>",
                        "pattern" : "<a class=\"nav__link\" href=\"{%}\">{%}</a>",
                        "name" : "{%2}",
                        "url" : "https://azm.to{%1}",
                        "poster" : "special://home/addons/plugin.video.azmovies/icon.png",
                        "fanart" : "special://home/addons/plugin.video.azmovies/fanart.jpg"
                    },
                    {
                        "global" : "<li> Genre: {*}</li>{%}<li class=\"nav__item\"><a href=\"{*}\" class=\"nav__link\">Year</a>",
                        "pattern" : "<a href=\"{%}\" title=\"Watch Now\" class=\"poster__link\">{*}<img class=\"poster__img lazy\" src=\"{*}\" data-src=\"{%}\" alt=\"{*}\">{*}<span class=\"title\">{%}</span>{*}<span>{%}</span>",
                        "name" : "{%3} ({%4}) [COLOR darkslategray]Use Server 1[/COLOR]",
                        "url" : "https://azm.to{%1}",
                        "poster" : "{%2}",
                        "fanart" : "special://home/addons/plugin.video.azmovies/fanart.jpg"
                    },
                    {
                        "pattern": "<option value=\"{%}\"{*}>{%}</option>{*}",
                        "name": "{%2}",
                        "url": "{%1}",
                        "poster" : "special://home/addons/plugin.video.azmovies/icon.png",
                        "fanart" : "special://home/addons/plugin.video.azmovies/fanart.jpg"
                    }
                ]
            }
        }
    ]
}